day_id,user_id,note
1,1,"La colazione in un tipico café parigino è stata il modo perfetto per iniziare la giornata. Mi sentivo davvero felice mentre assaporavo ogni boccone."
1,1,"Il caffè era aromatico e i croissant fragranti, un'esperienza che mi ha messo di buon umore."
1,1,"Abbiamo discusso del nostro piano per la giornata mentre ci godevamo il sole mattutino."
2,1,"Passeggiare nei Giardini del Lussemburgo mi ha aiutato a rilassarmi. L'atmosfera era calma e pacifica, anche se mi sentivo un po' triste."
2,1,"Il sole splendeva, ma la mia mente era altrove. Mi sono seduto su una panchina e ho osservato le persone passare."
1,1,"Salire sulla Torre Eiffel è stato emozionante, ma mi ha colpito un senso di nostalgia mentre guardavo la città dall'alto."
2,1,"La vista era spettacolare, ma un velo di tristezza mi ha accompagnato per tutto il tempo."
3,1,"Passeggiare lungo la Senna mi ha fatto sentire molto felice. Ogni angolo era pieno di vita e bellezza."
3,1,"Ho adorato osservare i ponti e le barche, mi ha messo davvero di buon umore."
2,1,"Visitare il Museo del Louvre è stato come entrare in un sogno. Ogni opera d'arte mi riempiva di meraviglia e gioia."
2,1,"La Monna Lisa è sorprendentemente piccola, ma emana un fascino irresistibile."
1,1,"I Jardin des Tuileries erano assolutamente incantevoli. Mi sentivo in pace mentre camminavo tra i fiori."
2,1,"Abbiamo trovato un posto ombreggiato per riposarci e ammirare il paesaggio."
3,1,"Il giro in battello sulla Senna è stato un momento di pura felicità. Vedere Parigi dalla prospettiva del fiume è stato magico."
2,1,"Mi sono sentito fortunato di poter vivere un'esperienza così bella."
3,1,"La Sainte-Chapelle mi ha lasciato senza parole. Le vetrate colorate erano così belle che mi hanno riempito di felicità."
3,1,"L'atmosfera all'interno della cappella è indescrivibile, un vero gioiello gotico."
6,1,"La Porta di Brandeburgo mi ha riempito di entusiasmo. Era come vedere un pezzo di storia prendere vita."
6,1,"Mi sentivo elettrizzato di essere lì, in un luogo con così tanta importanza storica."
4,1,"Il Muro di Berlino è stato un'esperienza emozionante. Mi sentivo triste e riflessivo mentre camminavo lungo il memoriale."
4,1,"Le storie delle persone che cercavano di attraversare il muro sono strazianti."
5,1,"La Cattedrale di Berlino è un luogo di grande bellezza. Mi sentivo felice mentre esploravo la magnifica architettura."
5,1,"La vista dalla cupola mi ha riempito di gioia e meraviglia."
6,1,"Passeggiare sull'Isola dei Musei è stato un viaggio nel passato. Ogni edificio trasudava storia."
6,1,"Il Pergamonmuseum è stato il punto culminante, mi sentivo entusiasta."
7,1,"La East Side Gallery è stata un'esperienza artistica e storica unica. Mi sentivo triste mentre riflettevo sulle storie dietro i murales."
7,1,"Ogni dipinto raccontava una storia diversa, mi ha colpito profondamente."
8,1,"L'Acropoli di Atene è stata una visita entusiasmante. Mi sentivo al settimo cielo mentre esploravo le antiche rovine."
8,1,"Camminare dove un tempo si trovavano gli antichi greci è stato incredibilmente emozionante."
8,1,"Plaka è un quartiere pieno di vita, mi sentivo felice mentre esploravo i suoi vicoli."
8,1,"Abbiamo trovato un negozio che vendeva souvenir fatti a mano, mi sentivo davvero soddisfatto."
9,1,"Il Museo dell'Acropoli era pieno di artefatti storici incredibili. Mi sentivo entusiasta mentre esploravo ogni sala."
9,1,"Ogni oggetto raccontava una storia, mi sentivo affascinato e grato per l'esperienza."
10,1,"Alfama è un quartiere affascinante con una storia ricca. Mi sentivo felice mentre camminavo tra le sue strade acciottolate."
10,1,"Abbiamo trovato un ristorante locale dove abbiamo gustato piatti deliziosi, mi sentivo felice e soddisfatto."
11,1,"La Torre di Belém è un capolavoro architettonico. Mi sentivo entusiasta mentre esploravo la sua storia."
11,1,"La vista dal tetto era spettacolare, mi sentivo davvero felice di essere lì."
12,1,"Il Castello di São Jorge offre una vista mozzafiato su Lisbona. Mi sentivo felice e ispirato mentre ammiravo il panorama."
12,1,"Esplorare le antiche mura del castello è stato emozionante, mi sentivo davvero entusiasta."
13,2,"L'incrocio di Shibuya è un'esperienza unica al mondo. Mi sentivo felice mentre osservavo la frenesia di Tokyo."
13,2,"Abbiamo trascorso un po' di tempo in un caffè a guardare la folla passare, mi sentivo affascinato."
14,2,"Il Tempio di Asakusa è un luogo di pace in mezzo al caos di Tokyo. Mi sentivo tranquillo mentre esploravo il tempio."
14,2,"Abbiamo partecipato alla cerimonia dell'incenso, mi sentivo spiritualmente rinvigorito."
15,2,"Akihabara è un paradiso per gli appassionati di tecnologia e cultura otaku. Mi sentivo entusiasta mentre esploravo ogni negozio."
15,2,"Ho comprato un sacco di gadget unici, mi sentivo felice e soddisfatto."
15,2,"Abbiamo mangiato in un ristorante tematico, mi sono divertito un sacco e mi sentivo felice."
